page_id,status,title,url,html_file,page_class,confidence,object_id_suggested,notes
be8ec09b418b6aa0,200,Foreign Languages Centre,https://www.htw-berlin.de/en/studies/foreign-languages-centre/,snapshots_raw/be8ec09b418b6aa0.html,university_profile,low,university_profile-foreign-languages-centre,"This page presents the Foreign Languages Centre as an institutional unit at HTW Berlin, describing its role, offerings, and relevance to students’ studies. It is descriptive and institutional, not a specific curriculum, degree program, or application process."
90340e9e6fea312a,200,Visa / Residence Permit,https://www.htw-berlin.de/en/international/wege-an-die-htw-berlin/international-degree-seeking-students/visa-residende-permit/,snapshots_raw/90340e9e6fea312a.html,application_route_rule,low,application_route_rule-visa-residence-permit-international-students,"This page explains visa and residence permit requirements for international degree-seeking students, outlining mandatory steps and conditions that apply depending on nationality and study purpose. It defines an external but essential route condition for studying at HTW Berlin rather than an internal application workflow."
ca61f7f5a050253b,200,Disadvantage compensation,https://www.htw-berlin.de/en/organisational-units/central-offices/centre-for-student-advisory-career-services/barrier-free-education/disadvantage-compensation/,snapshots_raw/ca61f7f5a050253b.html,accessibility_support,low,accessibility_support,"This page explains disadvantage compensation measures for students with disabilities or chronic conditions, including eligibility, scope, and how support is provided within studies. It is student-facing, affects study conditions, and is part of barrier-free education support rather than admissions or application routing."
3a0b648307aa0254,200,Ukraine crisis,https://www.htw-berlin.de/en/international/ukraine-crisis/,snapshots_raw/3a0b648307aa0254.html,special_category,low,special_category-ukraine-crisis-support,"This page provides special, time-bound information and support measures related to the Ukraine crisis, including guidance for affected students and applicants. It does not fit standard admissions, program, or rule categories and represents an exceptional institutional response."
a249e760c47e58d8,200,All gender restrooms,https://www.htw-berlin.de/en/campus/campus-fuer-alle/wcs-fuer-alle/,snapshots_raw/a249e760c47e58d8.html,accessibility_support,low,accessibility_supaccessibility_support-accessible-restrooms-campusport,Informational accessibility content describing the availability of accessible restrooms on campus. Provided for awareness and planning purposes only and does not require or trigger contact with student services.
8360fcbb3d862c50,200,Terms of use for the Room of Silence,https://www.htw-berlin.de/en/campus/campus-for-all/retreats/nutzungregeln-fuer-den-raum-der-stille/,snapshots_raw/8360fcbb3d862c50.html,accessibility_support,low,accessibility_support-room-of-silence-usage-rules,"This page describes the usage rules for the “Room of Silence,” a quiet retreat space on campus intended for reflection, prayer, or rest. It is student-facing, supports inclusive campus access, and is informational in nature rather than an academic rule or administrative process."
3e59be28a0d6a8f2,200,Barrier-free campus,https://www.htw-berlin.de/en/campus/campus-fuer-alle/barrier-free-campus/,snapshots_raw/3e59be28a0d6a8f2.html,accessibility_support,low,accessibility_support-barrier-free-campus,"This page provides an overview of barrier-free and accessible campus facilities and services at HTW Berlin. It acts as a central entry point for accessibility-related information, linking to specific support topics and infrastructure for inclusive campus access."
c594a0481540ba7b,200,Digital Twin as a key component in Smart Environments,https://www.htw-berlin.de/en/international/intercultural-exchange/international-winter-and-summer-schools/digital-twin-as-a-key-component-in-smart-environments/,snapshots_raw/c594a0481540ba7b.html,special_category,low,special_category-international-winter-summer-school-digital-twin,"This page describes a concrete international winter/summer school offering with defined academic content and participation context. It is student-facing, program-specific, and distinct from general partnership or alliance information, but does not constitute a full degree program."
6c6981f3984a12b1,200,International Winter and Summer Schools,https://www.htw-berlin.de/en/international/intercultural-exchange/international-winter-and-summer-schools/,snapshots_raw/6c6981f3984a12b1.html,special_category,low,special_category-international-winter-summer-schools,"Overview page for international winter and summer school offerings. Student-facing, educational in nature, and serves as an entry point to concrete short-term study programs rather than institutional partnerships."
bd4a47fe530549d6,200,Intercultural Exchange,https://www.htw-berlin.de/en/international/interkultureller-austausch/,snapshots_raw/bd4a47fe530549d6.html,special_category,low,special_category-intercultural-exchange,"Overview of intercultural exchange opportunities for students, including international experiences and exchange-related activities. Informational but clearly student-oriented and relevant to study enrichment."
afccd3926f6f0d9c,200,Assessment of foreign education and studies,https://www.htw-berlin.de/en/international/pathways-to-htw-berlin/refugees-pathways-into-studying/assessment-of-foreign-education-and-studies/,snapshots_raw/afccd3926f6f0d9c.html,application_route_rule,low,application_route_rule-assessment-foreign-education-refugees,Explains how prior foreign education and studies are assessed for refugees seeking to study at HTW Berlin. Defines eligibility and assessment conditions that directly affect the study application route.
bc4c1358ff90f255,200,Documents required for a Bachelor‚Äôs study programme,https://www.htw-berlin.de/en/international/pathways-to-htw-berlin/refugees-pathways-into-studying/documents-required-for-a-bachelors-study-programme/,snapshots_raw/bc4c1358ff90f255.html,application_route_rule,low,application_route_rule-required-documents-bachelor-refugees,Lists mandatory documents required for refugees applying to a bachelor’s degree program. This page defines binding application requirements.
e86956e781759265,200,Refugees: Pathways into studying,https://www.htw-berlin.de/en/international/pathways-to-htw-berlin/refugees-pathways-into-studying/,snapshots_raw/e86956e781759265.html,overview_navigation,low,overview_navigation-refugees-pathways-into-studying,"Top-level overview of study pathways for refugees, linking to eligibility, assessment, and application-related subpages. Acts as a navigation hub rather than a rule or process itself."
d2c83960e3e0b3ea,200,Arrival and Life in Berlin,https://www.htw-berlin.de/en/international/pathways-to-htw-berlin/htw-foundation/htw-foundation-arrival-in-berlin/,snapshots_raw/d2c83960e3e0b3ea.html,special_category,low,special_category-htw-foundation-arrival-berlin,"Provides arrival and orientation information for participants of the HTW Foundation program. Student-facing, preparatory in nature, and specific to a defined pathway rather than a general application process."
9483d473c820fbf5,200,HTW Foundation: Advantages,https://www.htw-berlin.de/en/international/pathways-to-htw-berlin/htw-foundation/htw-foundation-advantages/,snapshots_raw/9483d473c820fbf5.html,special_category,low,special_category-htw-foundation-advantages,Describes the benefits and purpose of the HTW Foundation program as a preparatory pathway into studies. Informational but directly relevant to prospective students considering this route.
96bcee3edf81a1e7,200,HTW Foundation Application Form,https://www.htw-berlin.de/en/international/pathways-to-htw-berlin/htw-foundation/htw-foundation-application-form/,snapshots_raw/96bcee3edf81a1e7.html,application_process,low,application_process-htw-foundation-application,Contains the application form and instructions for applying to the HTW Foundation program. Defines a concrete application workflow.
f28e94c1a31e6ad3,200,German language test for university entry (DSH),https://www.htw-berlin.de/en/studies/foreign-languages-centre/language-modules/german/german-language-test-for-university-entry-dsh/,snapshots_raw/f28e94c1a31e6ad3.html,language_proof_rule,medium,language_proof_rule-german-language-test-for-university-entry-dsh,"Explains the German Language Test for University Entry (DSH), including its role as proof of German proficiency for admission. This is a binding language requirement page."
0348d6fa3d151918,200,PreDSH: Preparation for Studies and DSH-Exam,https://www.htw-berlin.de/en/international/pathways-to-htw-berlin/htw-foundation/predsh-preparation-for-studies-and-dsh-exam/,snapshots_raw/0348d6fa3d151918.html,special_category,low,special_category-predsh-preparation-dsh,"Describes the PreDSH preparatory program for studies and the DSH exam. Student-facing preparatory offering linked to language and foundation pathways, but not a degree program itself."
bbcb7bd20ec5cf4c,200,HTW Foundation: Preparation for your Studies in Germany,https://www.htw-berlin.de/en/international/pathways-to-htw-berlin/htw-foundation/,snapshots_raw/bbcb7bd20ec5cf4c.html,overview_navigation,low,overview_navigation-htw-foundation,"Provides explanatory framing of the HTW Foundation pathway, its purpose, and how it connects to preparatory programs and application steps. Acts as a meaningful anchor, not just a link list."
056898984503dc0e,200,Request online consultation,https://www.htw-berlin.de/en/international/pathways-to-htw-berlin/htw-foundation/predsh-preparation-for-studies-and-dsh-exam/request-online-consultation/,snapshots_raw/056898984503dc0e.html,special_category,low,special_category-predsh-online-consultation,"Provides information and access to an online consultation related to the PreDSH preparatory program. Student-facing support entry point, even though it is not a full application workflow."
6e031857de546ded,200,Visa / Residence Permit,https://www.htw-berlin.de/en/international/pathways-to-htw-berlin/international-degree-seeking-students/visa-residence-permit/,snapshots_raw/6e031857de546ded.html,application_route_rule,low,application_route_rule-visa-residence-permit-international,Explains visa and residence permit requirements for international degree-seeking students. Defines mandatory legal conditions affecting the study and enrollment route.
cf25c5dc7e3b5f82,200,Living in Berlin,https://www.htw-berlin.de/en/international/wege-an-die-htw-berlin/international-degree-seeking-students/living-in-berlin/,snapshots_raw/cf25c5dc7e3b5f82.html,special_category,low,special_category-living-in-berlin-international-students,"Provides practical information for international students about living in Berlin, including everyday and settlement-related topics. Informational support, not procedural."
5a10f33c8783d083,200,Language Courses,https://www.htw-berlin.de/en/international/wege-an-die-htw-berlin/international-degree-seeking-students/language-courses/,snapshots_raw/5a10f33c8783d083.html,language_proof_rule,medium,language_proof_rule-language-courses-international-students,This page provides information on language courses relevant to international degree-seeking students as part of meeting language requirements for study. It supports compliance with language proficiency expectations rather than describing a standalone academic program.
d07aebfaf2d60ff0,200,Getting started!,https://www.htw-berlin.de/en/international/wege-an-die-htw-berlin/international-degree-seeking-students/getting-started/,snapshots_raw/d07aebfaf2d60ff0.html,overview_navigation,low,overview_navigation-international-getting-started,"Provides a structured starting point for international degree-seeking students, outlining key first steps and linking to essential topics. Contains framing and guidance, not just a link list."
511829dc9b722cf1,200,DAAD funding to enable international students to complete their studies,https://www.htw-berlin.de/en/international/pathways-to-htw-berlin/international-degree-seeking-students/daad-funding-to-enable-international-students-to-complete-their-studies/,snapshots_raw/511829dc9b722cf1.html,fees_funding_rule,low,fees_funding_rule-daad-funding-international-students,"Describes DAAD funding opportunities that support international students in completing their studies. Funding-related information with eligibility relevance, even if externally administered."
488dbad7b6f48caa,200,Sustainable Clothing/Apparel Technology (Bachelor) - ONLY in Winter Semester,https://www.htw-berlin.de/en/international/pathways-to-htw-berlin/english-language-study-programmes/sustainable-clothingapparel-technology-bachelor-only-in-winter-semester/,snapshots_raw/488dbad7b6f48caa.html,degree_program,high,degree_program-sustainable-clothing-apparel-technology-bachelor,"Landing page for the English-taught Bachelor’s program in Sustainable Clothing and Apparel Technology, including key program information and intake timing."
66bf93374b9d6e9b,200,Design (Bachelor) - ONLY in Winter Semester,https://www.htw-berlin.de/en/international/pathways-to-htw-berlin/english-language-study-programmes/design-bachelor-only-in-winter-semester/,snapshots_raw/66bf93374b9d6e9b.html,degree_program,high,degree_program-design-bachelor,"Landing page for the English-taught Bachelor’s program in Design, offered only in the winter semester."
d73aa3c1de06f04e,200,Information Technology (Master),https://www.htw-berlin.de/en/international/pathways-to-htw-berlin/english-language-study-programmes/information-technology-master/,snapshots_raw/d73aa3c1de06f04e.html,degree_program,high,msc-information-tedegree_program-information-technology-masterchnology,Landing page for the English-taught Master’s program in Information Technology.
0541b2c185bdfdab,200,Elective Courses,https://www.htw-berlin.de/en/international/pathways-to-htw-berlin/english-language-study-programmes/sustainable-clothingapparel-technology-bachelor-only-in-winter-semester/elective-courses/,snapshots_raw/0541b2c185bdfdab.html,curriculum_page,high,curriculum_page-sustainable-clothing-apparel-technology-electives,Describes elective course options within the Sustainable Clothing and Apparel Technology Bachelor’s program.
c9872f9637a5b52e,200,Core courses (Acceptance  Guaranteed),https://www.htw-berlin.de/en/international/pathways-to-htw-berlin/english-language-study-programmes/design-bachelor-only-in-winter-semester/core-courses-acceptance-guaranteed/,snapshots_raw/c9872f9637a5b52e.html,curriculum_page,high,curriculum_page-design-bachelor-core-courses,Details the core course structure and acceptance-guaranteed modules for the Design Bachelor’s program.
f41dfdaf393c20cc,200,Elective courses,https://www.htw-berlin.de/en/international/pathways-to-htw-berlin/english-language-study-programmes/information-technology-master/elective-courses/,snapshots_raw/f41dfdaf393c20cc.html,curriculum_page,high,curriculum-elective-coursescurriculum_page-information-technology-master-electives,Lists elective course options within the Information Technology Master’s program.
ff76330ef70f96b5,200,Information Technology (Bachelor),https://www.htw-berlin.de/en/international/pathways-to-htw-berlin/english-language-study-programmes/information-technology-bachelor/,snapshots_raw/ff76330ef70f96b5.html,degree_program,high,degree_program-information-technology-bachelor,Landing page for the English-taught Bachelor’s program in Information Technology.
43245c27635a58e9,200,International Business (Bachelor),https://www.htw-berlin.de/en/international/pathways-to-htw-berlin/english-language-study-programmes/international-business-bachelor/,snapshots_raw/43245c27635a58e9.html,degree_program,high,degree_program-international-business-bachelor,Landing page for the English-taught Bachelor’s program in International Business.
a5b1855fe6337f98,200,AECO - Architecture Engineering Construction and Operation (Bachelor),https://www.htw-berlin.de/en/international/pathways-to-htw-berlin/english-language-study-programmes/aeco-architecture-engineering-construction-and-operation-bachelor/,snapshots_raw/a5b1855fe6337f98.html,degree_program,high,degree_program-aeco-bachelor,"Landing page for the English-taught Bachelor’s program in AECO (Architecture, Engineering, Construction and Operation)."
5f7d7d0ca7e4facb,200,Elective Courses,https://www.htw-berlin.de/en/international/pathways-to-htw-berlin/english-language-study-programmes/information-technology-bachelor/elective-courses/,snapshots_raw/5f7d7d0ca7e4facb.html,curriculum_page,high,curriculum_page-information-technology-bachelor-electives,Lists elective course options within the Information Technology Bachelor’s program.
cc3cbc8fe0edc973,200,Elective courses,https://www.htw-berlin.de/en/international/pathways-to-htw-berlin/english-language-study-programmes/international-business-bachelor/elective-courses/,snapshots_raw/cc3cbc8fe0edc973.html,curriculum_page,high,curriculum-elective-coursescurriculum_page-international-business-bachelor-electives,Lists elective course options within the International Business Bachelor’s program.
bb5f03ecc027710a,200,Core Courses in Winter and Summer Semester,https://www.htw-berlin.de/en/international/pathways-to-htw-berlin/english-language-study-programmes/aeco-architecture-engineering-construction-and-operation-bachelor/core-courses-in-winter-and-summer-semester/,snapshots_raw/bb5f03ecc027710a.html,curriculum_page,high,curriculum-core-courses-in-wintecurriculum_page-aeco-bachelor-core-coursesr-and-summer-semester,Describes the core course structure for the AECO Bachelor’s program across winter and summer semesters.
d23141515bb38502,200,Electrical Engineering for Sustainable and Renewable Energy (Master),https://www.htw-berlin.de/en/international/pathways-to-htw-berlin/english-language-study-programmes/electrical-engineering-for-sustainable-and-renewable-energy-master/,snapshots_raw/d23141515bb38502.html,degree_program,high,degree_program-electrical-engineering-sustainable-renewable-energy-master,Landing page for the English-taught Master’s program in Electrical Engineering for Sustainable and Renewable Energy.
c5328122ca3b1a9a,200,Environmental Engineering and Sustainability (Bachelor),https://www.htw-berlin.de/en/international/pathways-to-htw-berlin/english-language-study-programmes/environmental-engineering-and-sustainability-bachelor/,snapshots_raw/c5328122ca3b1a9a.html,degree_program,high,degree_program-environmental-engineering-sustainability-bachelor,Landing page for the English-taught Bachelor’s program in Environmental Engineering and Sustainability.
defd0beabd319b65,200,Electrical Engineering (Master),https://www.htw-berlin.de/en/international/pathways-to-htw-berlin/english-language-study-programmes/electrical-engineering-master/,snapshots_raw/defd0beabd319b65.html,degree_program,high,degree_program-electrical-engineering-master,Landing page for the English-taught Master’s program in Electrical Engineering.
8b175ace44ad442c,200,Elective courses,https://www.htw-berlin.de/en/international/pathways-to-htw-berlin/english-language-study-programmes/environmental-engineering-and-sustainability-bachelor/elective-courses-acceptance-not-guaranteed-subject-to-facultys-capacity/,snapshots_raw/8b175ace44ad442c.html,curriculum_page,high,curriculum_page-environmental-engineering-sustainability-electives,"Lists elective courses for the Environmental Engineering and Sustainability Bachelor’s program, with capacity-based acceptance conditions."
aebf3f087cb2719c,200,Elective courses (Acceptance Not Guaranteed -  subject to faculty's capacity),https://www.htw-berlin.de/en/international/pathways-to-htw-berlin/english-language-study-programmes/electrical-engineering-master/elective-courses-acceptance-not-guaranteed-subject-to-facultys-capacity/,snapshots_raw/aebf3f087cb2719c.html,curriculum_page,high,curriculum_page-electrical-engineering-master-elective-courses,Details the elective courses for the Electrical Engineering Master’s program with guaranteed acceptance.
a915f9d623079469,200,Core courses  (Acceptance guaranteed),https://www.htw-berlin.de/en/international/pathways-to-htw-berlin/english-language-study-programmes/electrical-engineering-master/core-courses-acceptance-guaranteed/,snapshots_raw/a915f9d623079469.html,curriculum_page,high,curriculum_page-electrical-engineering-master-electives,"Describes elective course options for the Electrical Engineering Master’s program, subject to faculty capacity."
42dbe26d61fd606c,200,Core courses  (Acceptance guaranteed),https://www.htw-berlin.de/en/international/pathways-to-htw-berlin/english-language-study-programmes/environmental-engineering-and-sustainability-bachelor/core-courses-acceptance-guaranteed/,snapshots_raw/42dbe26d61fd606c.html,curriculum_page,high,curriculum_page-environmental-engineering-sustainability-core-courses,Details the core courses for the Electrical Engineering Master’s program with guaranteed acceptance.
b33b3dd10961305c,200,Returning home,https://www.htw-berlin.de/en/international/wege-an-die-htw-berlin/student-exchange-programmes-at-htw-berlin/returning-home/,snapshots_raw/b33b3dd10961305c.html,special_category,low,special_category-student-exchange-returning-home,Provides guidance for exchange students on steps and considerations when returning home after completing their exchange at HTW Berlin.
ca8aac23cff23b83,200,Your Studies at HTW Berlin,https://www.htw-berlin.de/en/international/pathways-to-htw-berlin/student-exchange-programmes-at-htw-berlin/your-studies-at-htw-berlin/,snapshots_raw/ca8aac23cff23b83.html,special_category,low,special_category-exchange-arrival-berlin,"Explains academic aspects of studying at HTW Berlin as an exchange student. Student-facing, informational."
ea94c21cf752091d,200,Arrival in Berlin,https://www.htw-berlin.de/en/international/pathways-to-htw-berlin/student-exchange-programmes-at-htw-berlin/arrival-in-berlin/,snapshots_raw/ea94c21cf752091d.html,special_category,low,special_category-exchange-arrival-berlin,Arrival and orientation information for incoming exchange students.
ee28251df4c0a201,200,Nomination and application,https://www.htw-berlin.de/en/international/wege-an-die-htw-berlin/student-exchange-programmes-at-htw-berlin/nomination-and-application/,snapshots_raw/ee28251df4c0a201.html,application_process,low,application_process-exchange-nomination-application,Describes the nomination and application process for exchange students.
c40d5e2c74b35371,200,Pathways to HTW Berlin,https://www.htw-berlin.de/en/international/wege-an-die-htw-berlin/,snapshots_raw/c40d5e2c74b35371.html,overview_navigation,low,overview_navigation-pathoverview_navigation-pathways-to-htw-berlinways-to-htw-berlin,"High-level entry page outlining pathways to studying at HTW Berlin, with explanatory framing."
8b60fa3fc11be092,200,Accomodation,https://www.htw-berlin.de/en/international/pathways-to-htw-berlin/student-exchange-programmes-at-htw-berlin/accomodation/,snapshots_raw/8b60fa3fc11be092.html,special_category,low,special_category-exchange-accommodation,Accommodation information for incoming exchange students.
73e1a6d663a37dc2,200,PROMOS funding for internships,https://www.htw-berlin.de/en/international/wege-ins-ausland/internships-abroad/promos-funding-for-internships/,snapshots_raw/73e1a6d663a37dc2.html,fees_funding_rule,low,fees_funding_rule-promos-internships-abroad,Information on PROMOS funding for internships abroad. Funding eligibility and conditions.
4dc7ff2f0cc0fb42,200,ERASMUS+ Placement funding,https://www.htw-berlin.de/en/international/wege-ins-ausland/internships-abroad/erasmus-placement-funding/,snapshots_raw/4dc7ff2f0cc0fb42.html,fees_funding_rule,low,fees_funding_rule-promos-internships-fees_funding_rule-erasmus-placement-fundingabroad,Describes Erasmus+ funding for internships abroad.
39bf6d89e904a47d,200,Accreditation of modules and examinations completed abroad,https://www.htw-berlin.de/en/international/pathways-abroad/studying-abroad/accreditation-of-modules-and-examinations-completed-abroad/,snapshots_raw/39bf6d89e904a47d.html,application_route_rule,low,application_route_rule-accreditation-modules-abroad,Explains rules for recognition and accreditation of coursework completed abroad.
e22259bbabbcbf36,200,Further funding options,https://www.htw-berlin.de/en/international/pathways-abroad/studying-abroad/further-funding-options/,snapshots_raw/e22259bbabbcbf36.html,fees_funding_rule,low,fees_funding_rule-further-funding-studying-abroad,Overview of additional funding options for studying abroad.
9d3446e8ce6515d9,200,Exchange programmes worldwide (PROMOS),https://www.htw-berlin.de/en/international/pathways-abroad/studying-abroad/exchange-programmes-worldwide-promos/,snapshots_raw/9d3446e8ce6515d9.html,special_category,low,special_category-exchange-programmes-worldwide-promos,Describes worldwide exchange programmes supported by PROMOS funding.
b0fa968e87f4348d,200,Exchange within the EU (ERASMUS+),https://www.htw-berlin.de/en/international/pathways-abroad/studying-abroad/exchange-within-the-eu-erasmus/,snapshots_raw/b0fa968e87f4348d.html,special_category,low,special_category-erasmus-exchange-eu,Information on Erasmus exchange programmes within the EU.
4a490f267ce4454d,200,Double & Joint Degrees,https://www.htw-berlin.de/en/international/pathways-abroad/studying-abroad/double-joint-degrees/,snapshots_raw/4a490f267ce4454d.html,special_category,low,special_category-double-joint-degrees,Overview of double and joint degree opportunities for students.
38f1a386132982bb,200,Application,https://www.htw-berlin.de/en/international/pathways-abroad/studying-abroad/application/,snapshots_raw/38f1a386132982bb.html,application_process,medium,application_process-studying-abroad,Application process for studying abroad programmes.
c6541afc550ab17e,200,Pathways Abroad,https://www.htw-berlin.de/en/international/wege-ins-ausland/,snapshots_raw/c6541afc550ab17e.html,overview_navigation,low,overview_navigation-pathways-abroad,"Anchor overview for going abroad, with explanatory context and links."
81f482b5c831a1d4,200,Student Exchange Programmes at HTW Berlin,https://www.htw-berlin.de/en/international/wege-an-die-htw-berlin/student-exchange-programmes-at-htw-berlin/,snapshots_raw/81f482b5c831a1d4.html,overview_navigation,low,overview_navigation-student-exchange-programmes-htw,"Anchor overview for student exchange programmes at HTW Berlin, providing framing and links to application, arrival, studies, and return-related information."
fd9048b0fe29b29b,200,International Degree-Seeking Students,https://www.htw-berlin.de/en/international/wege-an-die-htw-berlin/international-degree-seeking-students/,snapshots_raw/fd9048b0fe29b29b.html,overview_navigation,low,overview_navigation-international-degree-seeking-students,"Top-level overview for international degree-seeking students, outlining key pathways, requirements, and links to detailed application and study information."
06447c16f18baada,200,Degree programmes,https://www.htw-berlin.de/en/studies/degree-programmes/?no_cache=1&cHash=9cae730432cd8a152ce5249028ab7909,snapshots_raw/06447c16f18baada.html,overview_navigation,medium,overview_navigation-degree-programmes,Central overview listing all degree programmes at HTW Berlin. Acts as a key entry point for prospective students exploring study options.
ca1aa77794ed07fd,200,Students with children,https://www.htw-berlin.de/en/organisational-units/central-administrative-departments/human-resources-department/family-support-centre/students-with-children/,snapshots_raw/ca1aa77794ed07fd.html,family_support,low,family_support-students-with-children,"Information and support services for students with children, including counselling and practical assistance. Student-facing and relevant to study conditions."
5dc204e29dd003c1,200,Wilhelminenhof campus,https://www.htw-berlin.de/en/campus/wilhelminenhof-campus/,snapshots_raw/5dc204e29dd003c1.html,overview_navigation,low,overview_navigation-wilhelminenhof-campus,"Overview of the Wilhelminenhof campus, including facilities and general orientation information."
7a91e90cceb2b019,200,Treskowallee campus,https://www.htw-berlin.de/en/campus/treskowallee-campus/,snapshots_raw/7a91e90cceb2b019.html,overview_navigation,low,overview_navigation-treskowallee-campus,"Overview of the Treskowallee campus, providing orientation and infrastructure information."
40b61da4412129ae,200,Internships abroad,https://www.htw-berlin.de/en/international/wege-ins-ausland/internships-abroad/,snapshots_raw/40b61da4412129ae.html,overview_navigation,low,overview_navigation-internships-abroad,"Anchor overview for internships abroad, outlining pathways, funding options, and application steps."
96de5f0e6fdd322d,200,Studying abroad,https://www.htw-berlin.de/en/international/pathways-abroad/studying-abroad/,snapshots_raw/96de5f0e6fdd322d.html,overview_navigation,low,overview_navigation-studying-abroad,"Top-level overview of studying abroad opportunities, with explanatory context and links to programmes and application processes."
b94b2eb8cf64a9d4,200,Disability Representation,https://www.htw-berlin.de/en/organisational-units/representatives-officers/disability-representation/,snapshots_raw/b94b2eb8cf64a9d4.html,accessibility_support,low,accessibility_support-disability-representation,"Information about the disability representation office, supporting students with disabilities and accessibility needs."
c2b37146c9eff158,200,Women's and Equal Opportunities Officer,https://www.htw-berlin.de/en/organisational-units/representatives-officers/womens-and-equal-opportunities-officer/,snapshots_raw/c2b37146c9eff158.html,accessibility_support,low,accessibility_support-equal-opportunities-officer,"Information on the women’s and equal opportunities officer, including support and advisory services relevant to students."
9e11da8c8e806ff8,200,Having doubts about your studies?,https://www.htw-berlin.de/en/organisational-units/central-offices/centre-for-student-advisory-career-services/having-doubts-about-your-studies/,snapshots_raw/9e11da8c8e806ff8.html,special_category,low,special_category-having-doubts-about-your-studies,Student-facing advisory content supporting students who are uncertain about their studies. High relevance for wellbeing and study continuation.
1657ef1fad786686,200,Barrier-Free Education,https://www.htw-berlin.de/en/organisational-units/central-offices/centre-for-student-advisory-career-services/barrier-free-education/,snapshots_raw/1657ef1fad786686.html,accessibility_support,low,accessibility_support-barrier-free-education,Overview of barrier-free education support services for students with disabilities or special needs.
a62687db562c85e9,200,Psychological counselling,https://www.htw-berlin.de/en/organisational-units/central-offices/centre-for-student-advisory-career-services/psychological-counselling/,snapshots_raw/a62687db562c85e9.html,special_category,low,special_category-psychological-counselling,"Information on psychological counselling services available to students. Student wellbeing support, non-academic but highly relevant."
ac0743aa8e380539,200,Centre for Student Advisory & Career Services,https://www.htw-berlin.de/en/organisational-units/central-offices/centre-for-student-advisory-career-services/,snapshots_raw/ac0743aa8e380539.html,overview_navigation,low,overview_navigation-student-advisory-services,"Anchor overview for student advisory services, providing framing and links to counselling and support offerings."
4ffe63878f6980c6,200,Sexualised Discrimination & Violence,https://www.htw-berlin.de/en/organisational-units/central-offices/equal-opportunities-antidiscrimination/sexualisierte-diskriminierung-gewalt/,snapshots_raw/4ffe63878f6980c6.html,accessibility_support,low,accessibility_support-sexualised-discrimination-violence,"Information and support resources related to sexualised discrimination and violence, including reporting and counselling options for students."
d5dd78441ff01428,200,Anti-Discrimination Officers,https://www.htw-berlin.de/en/organisational-units/central-offices/equal-opportunities-antidiscrimination/anti-discrimination-officers/,snapshots_raw/d5dd78441ff01428.html,accessibility_support,low,accessibility_support-anti-discrimination-officers,Overview of anti-discrimination officers and support structures available to students.
df1b11f1eb3021da,200,Equal Opportunities & Antidiscrimination,https://www.htw-berlin.de/en/organisational-units/central-offices/equal-opportunities-antidiscrimination/,snapshots_raw/df1b11f1eb3021da.html,overview_navigation,low,overview_navigation-equal-opportunities-antidiscrimination,"Anchor overview for equal opportunities and anti-discrimination services, linking to specific support pages."
283b40bfe09e7f85,200,Counseling and complaints,https://www.htw-berlin.de/en/organisational-units/central-offices/equal-opportunities-antidiscrimination/anti-discrimination-officers/beratungs-und-beschwerdemoeglichkeiten/,snapshots_raw/283b40bfe09e7f85.html,accessibility_support,low,accessibility_support-counselling-complaints-antidiscrimination,Explains counselling and complaint options for discrimination cases. Student-facing and actionable support information.
7d9054c86f5db5b5,200,International Office,https://www.htw-berlin.de/en/organisational-units/central-offices/international-office/,snapshots_raw/7d9054c86f5db5b5.html,overview_navigation,low,overview_navigation-international-office,"Anchor overview for the International Office, providing context and links to international student services and processes."
f26d683b376a6ced,200,Student Management,https://www.htw-berlin.de/en/organisational-units/central-administrative-departments/student-services/student-management/,snapshots_raw/f26d683b376a6ced.html,special_category,low,special_category-student-management,"Information about student management functions within student services, covering administrative handling of student records and processes relevant to enrollment and study administration."
7429cb8df6607be4,200,Student Service Centre,https://www.htw-berlin.de/en/organisational-units/central-administrative-departments/student-services/student-service-centre/?no_cache=1,snapshots_raw/7429cb8df6607be4.html,overview_navigation,low,overview_navigation-student-service-centre,"Anchor overview for the Student Service Centre, outlining available student-facing administrative services and contact points."
b7171b789b3da14d,200,Maternity protection,https://www.htw-berlin.de/en/organisational-units/executive-committee/safety-engineers/maternity-protection/,snapshots_raw/b7171b789b3da14d.html,accessibility_support,low,accessibility_support-maternity-protection,Information on maternity protection measures and rights relevant to students and staff. Student-relevant for pregnancy-related study conditions.
b729dfe0dc7431d4,200,Counselling & service,https://www.htw-berlin.de/en/studies/counselling-service/?no_cache=1,snapshots_raw/b729dfe0dc7431d4.html,special_category,low,special_category-study-counselling-service,"Information about the study counselling service, offering guidance and support to students on academic and study-related questions."
888f1114884dfa58,200,Certificates,https://www.htw-berlin.de/en/studies/foreign-languages-centre/certificates/,snapshots_raw/888f1114884dfa58.html,language_proof_rule,low,language_proof_rule-language-certificates,Explains language certificates issued by the Foreign Languages Centre and their relevance for language proof and study requirements.
966daae7d1d996d9,200,Examinations,https://www.htw-berlin.de/en/studies/foreign-languages-centre/examinations/,snapshots_raw/966daae7d1d996d9.html,language_proof_rule,low,language_proof_rule-language-examinations,"Information on language examinations conducted by the Foreign Languages Centre, including assessment and certification context."
540edd94a03ad070,200,Registration,https://www.htw-berlin.de/en/studies/foreign-languages-centre/registration/,snapshots_raw/540edd94a03ad070.html,application_process,low,application_process-language-course-registration,Describes the registration process for language courses and examinations offered by the Foreign Languages Centre.
7586bc8a699219b6,200,Language Levels,https://www.htw-berlin.de/en/studies/foreign-languages-centre/sprachniveaus/,snapshots_raw/7586bc8a699219b6.html,language_proof_rule,low,language_proof_rule-language-levels,Explains language proficiency levels used by the Foreign Languages Centre and how they relate to course placement and certification.
a7106ff932173e48,200,Spanish,https://www.htw-berlin.de/en/studies/foreign-languages-centre/language-modules/spanish/,snapshots_raw/a7106ff932173e48.html,curriculum_page,medium,curriculum_page-language-modules-spanish,Overview of Spanish language modules offered by the Foreign Languages Centre.
ce9c6e47d4fc5f91,200,Russian,https://www.htw-berlin.de/en/studies/foreign-languages-centre/language-modules/russian/,snapshots_raw/ce9c6e47d4fc5f91.html,curriculum_page,medium,curriculum_page-language-modules-russian,Overview of Russian language modules offered by the Foreign Languages Centre.
a06c6a9457e247f9,200,Japanese,https://www.htw-berlin.de/en/studies/foreign-languages-centre/language-modules/japanese/,snapshots_raw/a06c6a9457e247f9.html,curriculum_page,medium,curriculum_page-language-modules-japanese,Overview of Japanese language modules offered by the Foreign Languages Centre.
fceefa4d36d0c156,200,Italian,https://www.htw-berlin.de/en/studies/foreign-languages-centre/language-modules/italian/,snapshots_raw/fceefa4d36d0c156.html,curriculum_page,medium,curriculum_page-language-modules-italian,Overview of Italian language modules offered by the Foreign Languages Centre.
d3074f6240818c46,200,French,https://www.htw-berlin.de/en/studies/foreign-languages-centre/language-modules/french/,snapshots_raw/d3074f6240818c46.html,curriculum_page,medium,curriculum_page-language-modules-french,Overview of French language modules offered by the Foreign Languages Centre.
288105ff1d201ac9,200,German,https://www.htw-berlin.de/en/studies/foreign-languages-centre/language-modules/german/,snapshots_raw/288105ff1d201ac9.html,curriculum_page,medium,curriculum_page-language-modules-german,Overview of German language modules offered by the Foreign Languages Centre.
c470af9f81e88c16,200,Arabic,https://www.htw-berlin.de/en/studies/foreign-languages-centre/language-modules/arabisch/,snapshots_raw/c470af9f81e88c16.html,curriculum_page,medium,curriculum_page-language-modules-arabic,Overview of Arabic language modules offered by the Foreign Languages Centre.
53373f3edf28dedc,200,English,https://www.htw-berlin.de/en/studies/foreign-languages-centre/language-modules/english/,snapshots_raw/53373f3edf28dedc.html,curriculum_page,medium,curriculum_page-language-modules-english,Overview of English language modules offered by the Foreign Languages Centre.
299ef9d5c6d874ac,200,Language modules,https://www.htw-berlin.de/en/studies/foreign-languages-centre/language-modules/,snapshots_raw/299ef9d5c6d874ac.html,overview_navigation,medium,overview_navigation-language-modules,Anchor overview listing all language modules available at the Foreign Languages Centre.
fbe65233e385b8fa,200,Forms & documents,https://www.htw-berlin.de/en/studies/study-organisation/forms-documents/,snapshots_raw/fbe65233e385b8fa.html,special_category,low,special_category-study-forms-documents,Collection of important forms and documents related to study organisation and administration.
19f497d72e45b137,200,Scholarships,https://www.htw-berlin.de/en/studies/study-organisation/financing-your-studies/scholarships/,snapshots_raw/19f497d72e45b137.html,fees_funding_rule,low,fees_funding_rule-scholarships,Information on scholarships available to support students financially during their studies.
41bad47522a75a37,200,Financing your studies,https://www.htw-berlin.de/en/studies/study-organisation/financing-your-studies/,snapshots_raw/41bad47522a75a37.html,overview_navigation,low,overview_navigation-financing-your-studies,"Overview of financing options for students, including scholarships and funding guidance."
deb4369ba96f21e5,200,Final Thesis,https://www.htw-berlin.de/en/studies/study-organisation/assessment-of-academic-achievements/final-thesis/,snapshots_raw/deb4369ba96f21e5.html,application_route_rule,low,application_route_rule-final-thesis,Rules and procedures governing the final thesis as part of academic achievement assessment.
01a3a9c0900cf6d7,200,Internship,https://www.htw-berlin.de/en/studies/study-organisation/assessment-of-academic-achievements/internship/,snapshots_raw/01a3a9c0900cf6d7.html,application_route_rule,low,application_route_rule-internship-assessment,Rules for assessment and recognition of internships within study programmes.
2a112844b7accd80,200,Examinations,https://www.htw-berlin.de/en/studies/study-organisation/assessment-of-academic-achievements/examinations/,snapshots_raw/2a112844b7accd80.html,application_route_rule,low,application_route_rule-examinations,Regulations and procedures governing examinations as part of academic assessment.
df7901b9b6f5c7af,200,Assessment of Academic Achievements,https://www.htw-berlin.de/en/studies/study-organisation/assessment-of-academic-achievements/,snapshots_raw/df7901b9b6f5c7af.html,overview_navigation,low,overview_navigation-assessment-academic-achievements,"Overview of assessment of academic achievements, linking to exams, internships, and final thesis rules."
fd2c1cc6c7e9eb4a,200,FAQ,https://www.htw-berlin.de/en/studies/study-organisation/module-registration/faq/,snapshots_raw/fd2c1cc6c7e9eb4a.html,faq_support,low,faq_support-module-registration,FAQ addressing common questions related to module registration.
6d4ca8b046b4e527,200,Special Regulations,https://www.htw-berlin.de/en/studies/study-organisation/module-registration/special-regulations/,snapshots_raw/6d4ca8b046b4e527.html,application_route_rule,low,application_route_rule-module-registration-special,Special regulations affecting module registration.
616794d063055477,200,Supplementary Modules,https://www.htw-berlin.de/en/studies/study-organisation/module-registration/supplementary-modules/,snapshots_raw/616794d063055477.html,application_route_rule,low,application_route_rule-supplementary-modules,Rules governing registration and handling of supplementary modules.
090efda31a7de150,200,Module registration,https://www.htw-berlin.de/en/studies/study-organisation/module-registration/,snapshots_raw/090efda31a7de150.html,application_process,low,application_process-module-registration,Core process description for registering modules during studies.
47739df3b0c8172b,200,HTW StudentCard,https://www.htw-berlin.de/en/studies/study-organisation/htw-studentcard/,snapshots_raw/47739df3b0c8172b.html,special_category,low,special_category-htw-studentcard,"Information about the HTW student card, its functions, and usage during studies."
9560ce9724855885,200,Exmatriculation,https://www.htw-berlin.de/en/studies/study-organisation/re-registration/exmatriculation/,snapshots_raw/9560ce9724855885.html,application_process,low,application_process-exmatriculation,Process and conditions for exmatriculation from HTW Berlin.
3b59fd707f042271,200,Dual enrolment,https://www.htw-berlin.de/en/studies/study-organisation/re-registration/dual-enrolment/,snapshots_raw/3b59fd707f042271.html,application_route_rule,low,application_route_rule-dual-enrolment,Rules governing dual enrolment at HTW Berlin.
9b21e30523347b70,200,Part-time study,https://www.htw-berlin.de/en/studies/study-organisation/re-registration/part-time-study/,snapshots_raw/9b21e30523347b70.html,application_route_rule,low,application_route_rule-part-time-study,Rules and conditions for part-time study.
352264323c672774,200,Leave of absence,https://www.htw-berlin.de/en/studies/study-organisation/re-registration/leave-of-absence/,snapshots_raw/352264323c672774.html,application_route_rule,low,application_route_rule-leave-of-absence,Rules and procedures for taking a leave of absence.
e273fe6bc2d30e02,200,Health insurance,https://www.htw-berlin.de/en/studies/study-organisation/re-registration/health-insurance/,snapshots_raw/e273fe6bc2d30e02.html,application_route_rule,low,application_route_rule-health-insurance,Health insurance requirements related to re-registration and enrollment.
323d5749beeafbb3,200,Change notification,https://www.htw-berlin.de/en/studies/study-organisation/re-registration/change-notification/,snapshots_raw/323d5749beeafbb3.html,application_process,low,application_process-change-notification,Process for notifying changes to personal or study-related data during enrollment.
f807088ead9df5b2,200,Re-registration,https://www.htw-berlin.de/en/studies/study-organisation/re-registration/,snapshots_raw/f807088ead9df5b2.html,overview_navigation,low,overview_navigation-re-registration,"Anchor overview for re-registration topics, linking to exmatriculation, leave of absence, and related processes."
fdd2e3a12b6c5ecb,200,Semester ticket,https://www.htw-berlin.de/en/studies/study-organisation/semester-fee/semester-ticket/,snapshots_raw/fdd2e3a12b6c5ecb.html,fees_funding_rule,medium,fees_funding_rule-semester-ticket,"fees-related, confirm content"
aff9ca93cadf9628,200,Reimbursement,https://www.htw-berlin.de/en/studies/study-organisation/semester-fee/reimbursement/,snapshots_raw/aff9ca93cadf9628.html,fees_funding_rule,medium,fees_funding_rule-reimbursement,"fees-related, confirm content"
b7da1eaafe962e7b,200,Enrolment,https://www.htw-berlin.de/en/studies/applications/enrolment/,snapshots_raw/b7da1eaafe962e7b.html,application_process,medium,application_process-enrolment,"application page, confirm"
b8fbd340bc55cc21,200,Withdrawing from your study place,https://www.htw-berlin.de/en/studies/applications/admission-or-refusal/withdrawing-from-your-study-place/,snapshots_raw/b8fbd340bc55cc21.html,application_process,medium,application_process-withdrawing-from-your-study-place,"application page, confirm"
de8eb44948c2607a,200,Study organisation: navigating your studies,https://www.htw-berlin.de/en/studies/study-organisation/,snapshots_raw/de8eb44948c2607a.html,overview_navigation,low,overview_navigation-study-organisation,"Top-level anchor for all study organisation topics (registration, exams, funding, re-registration)."
a28738948c7407cf,200,Student Service Centre,https://www.htw-berlin.de/en/organisational-units/central-administrative-departments/student-services/student-service-centre/,snapshots_raw/a28738948c7407cf.html,overview_navigation,low,overview_navigation-student-service-centre,Main Student Service Centre overview. Key contact and routing page for student administration.
1d98c75878bf9fa1,200,Clearing process,https://www.htw-berlin.de/en/studies/applications/admission-or-refusal/clearing-process/,snapshots_raw/1d98c75878bf9fa1.html,application_process,low,application_process-clearing,Explains the clearing process after admission decisions. Frequently asked during late application phases.
340e58964fa7fa1e,200,Accepting your study place,https://www.htw-berlin.de/en/studies/applications/admission-or-refusal/accepting-your-study-place/,snapshots_raw/340e58964fa7fa1e.html,application_process,low,application_process-accepting-study-place,Critical post-admission step. High student query relevance.
a298f8931cb948f0,200,Admission or refusal,https://www.htw-berlin.de/en/studies/applications/admission-or-refusal/,snapshots_raw/a298f8931cb948f0.html,overview_navigation,low,overview_navigation-admission-or-refusal,Anchor page for admission outcomes and next steps.
71c706244c36a120,200,Application process for minors,https://www.htw-berlin.de/en/studies/applications/special-cases/application-process-for-minors/,snapshots_raw/71c706244c36a120.html,special_category,low,special_category-application-minors,Special application rules for underage applicants.
9bc2f65b23f7d59c,200,Re-enrolling after stopping your studies,https://www.htw-berlin.de/en/studies/applications/special-cases/re-enrolling-after-stopping-your-studies/,snapshots_raw/9bc2f65b23f7d59c.html,special_category,low,special_category-re-enrolling-after-stopping,Guidance for returning students. Non-standard but student-facing.
826fac90ba73fba4,200,Guest listeners and guest students,https://www.htw-berlin.de/en/studies/applications/special-cases/guest-listeners-and-guest-students/,snapshots_raw/826fac90ba73fba4.html,special_category,low,special_category-guest-students,Information for guest listeners and non-degree students.
ef767c614f963dc7,200,Studienkolleg (university preparatory course),https://www.htw-berlin.de/en/studies/applications/special-cases/studienkolleg-university-preparatory-course/,snapshots_raw/ef767c614f963dc7.html,special_category,low,special_category-studienkolleg,Preparatory course pathway. Very relevant for international applicants.
6fe8aaf975f9ae61,200,Preferential admission,https://www.htw-berlin.de/en/studies/applications/special-cases/preferential-admission/,snapshots_raw/6fe8aaf975f9ae61.html,application_route_rule,low,application_route_rule-preferential-admission,Rules governing preferential admission cases.
3b81ec0971aa68d4,200,Disadvantage compensation,https://www.htw-berlin.de/en/studies/applications/special-cases/disadvantage-compensation/,snapshots_raw/3b81ec0971aa68d4.html,accessibility_support,low,accessibility_support-disadvantage-compensation,Support and compensation rules for applicants with disadvantages.
605449aec04ec6bc,200,Hardship Case,https://www.htw-berlin.de/en/studies/applications/special-cases/hardship-case/,snapshots_raw/605449aec04ec6bc.html,special_category,low,special_category-hardship-case,Hardship case regulations. High sensitivity and relevance.
d08e0fc8e519ab39,200,Applying without a higher education entry qualification,https://www.htw-berlin.de/en/studies/applications/special-cases/applying-without-a-higher-education-entry-qualification/,snapshots_raw/d08e0fc8e519ab39.html,special_category,low,special_category-no-higher-education-entry,Alternative access routes to higher education.
a9fad6960d0d7fe6,200,Second degree programme,https://www.htw-berlin.de/en/studies/applications/special-cases/second-degree-programme/,snapshots_raw/a9fad6960d0d7fe6.html,special_category,low,special_category-second-degree,Rules for applying to a second degree programme.
f36595d23a3323b2,200,Changing study programme or university,https://www.htw-berlin.de/en/studies/applications/special-cases/changing-study-programme-or-university/,snapshots_raw/f36595d23a3323b2.html,overview_navigation,low,overview_navigation-changing-study-programme,Anchor page for programme or university change scenarios.
ce2a382b6d81a637,200,Special cases,https://www.htw-berlin.de/en/studies/applications/special-cases/,snapshots_raw/ce2a382b6d81a637.html,overview_navigation,low,overview_navigation-special-cases,Top-level overview of all special application cases.
cf9acc029f3811da,200,FAQ,https://www.htw-berlin.de/en/studies/applications/application-via-uni-assist/faq/,snapshots_raw/cf9acc029f3811da.html,faq_support,low,faq_support-uni-assist,FAQ for uni-assist applications. Very high query volume.
d45a72b0fab493bc,200,Changing study programme,https://www.htw-berlin.de/en/studies/applications/special-cases/changing-study-programme-or-university/changing-study-programme/,snapshots_raw/d45a72b0fab493bc.html,application_process,low,application_process-changing-study-programme,Process for changing study programmes.
6bff9a0a3d5f3164,200,Changing university,https://www.htw-berlin.de/en/studies/applications/special-cases/changing-study-programme-or-university/changing-university/,snapshots_raw/6bff9a0a3d5f3164.html,application_process,low,application_process-changing-university,Process for transferring from another university.
1ab914fb7fad65da,200,Required documents,https://www.htw-berlin.de/en/studies/applications/special-cases/changing-study-programme-or-university/required-documents/,snapshots_raw/1ab914fb7fad65da.html,application_route_rule,low,application_route_rule-changing-required-documents,Required documents for changing programme or university.
7544578be7c97923,200,TestAS,https://www.htw-berlin.de/en/studies/applications/application-via-uni-assist/testas/,snapshots_raw/7544578be7c97923.html,application_route_rule,low,application_route_rule-testas,TESTAS requirements for uni-assist applicants.
3f10f7a7846f482d,200,Visa and residence permit,https://www.htw-berlin.de/en/studies/applications/application-via-uni-assist/visa-and-residence-permit/,snapshots_raw/3f10f7a7846f482d.html,application_route_rule,low,application_route_rule-visa-residence-uni-assist,Visa and residence permit rules tied to uni-assist applications.
1a2fe9b120f79dab,200,Proof of German proficiency,https://www.htw-berlin.de/en/studies/applications/application-via-uni-assist/proof-of-german-proficiency/,snapshots_raw/1a2fe9b120f79dab.html,language_proof_rule,low,language_proof_rule-german-proficiency-uni-assist,German language proof requirements for uni-assist applicants.
84ca2f2a836b9588,200,Certificate assessment,https://www.htw-berlin.de/en/studies/applications/application-via-uni-assist/certificate-assessment/,snapshots_raw/84ca2f2a836b9588.html,application_process,low,application_process-certificate-assessment,Certificate and qualification assessment via uni-assist.
09c8bff2223da7d7,200,Application via uni-assist,https://www.htw-berlin.de/en/studies/applications/application-via-uni-assist/,snapshots_raw/09c8bff2223da7d7.html,overview_navigation,low,overview_navigation-application-uni-assist,Primary uni-assist application overview.
35bd8cb486f2b501,200,DSH Exam registration,https://www.htw-berlin.de/en/studies/applications/application-via-uni-assist/proof-of-german-proficiency/dsh-exam-registration/,snapshots_raw/35bd8cb486f2b501.html,application_process,low,application_process-dsh-registration,Registration process for the DSH exam.
7db432bddd5686e9,200,Master‚Äôs study programmes,https://www.htw-berlin.de/en/studies/applications/application-via-the-application-portal-of-htw-berlin/masters-study-programmes/,snapshots_raw/7db432bddd5686e9.html,application_process,low,application_process-htw-portal-masters,Application process for master’s programmes via HTW portal.
55d6d8ba4e12f7fe,200,Bachelor‚Äôs study programmes,https://www.htw-berlin.de/en/studies/applications/application-via-the-application-portal-of-htw-berlin/bachelors-study-programmes/,snapshots_raw/55d6d8ba4e12f7fe.html,application_process,low,application_process-htw-portal-bachelors,Application process for bachelor’s programmes via HTW portal.
bcc30b8a3aa4b525,200,Application via the application portal of HTW Berlin,https://www.htw-berlin.de/en/studies/applications/application-via-the-application-portal-of-htw-berlin/,snapshots_raw/bcc30b8a3aa4b525.html,overview_navigation,low,overview_navigation-htw-application-portal,Anchor overview for applications via HTW’s own portal.
3652e8b0e6f8a5dd,200,Voluntary academic assessment test,https://www.htw-berlin.de/en/studies/applications/admission-requirements/voluntary-academic-assessment-test/,snapshots_raw/3652e8b0e6f8a5dd.html,application_route_rule,low,application_route_rule-voluntary-academic-test,Information on voluntary academic assessment tests used in admission.
70028937db58f3a7,200,Applications with documents required in advance,https://www.htw-berlin.de/en/studies/applications/application-via-the-application-portal-of-htw-berlin/bachelors-study-programmes/applications-with-documents-required-in-advance/,snapshots_raw/70028937db58f3a7.html,application_route_rule,low,application_route_rule-documents-required-in-advance,Defines bachelor applications that require documents before submission.
f948da43df928f1f,200,Paperless applications,https://www.htw-berlin.de/en/studies/applications/application-via-the-application-portal-of-htw-berlin/bachelors-study-programmes/paperless-applications/,snapshots_raw/f948da43df928f1f.html,application_process,low,application_process-paperless-applications,Explains paperless application handling for bachelor programmes.
489e080d934646df,200,Self-assessments for study orientation,https://www.htw-berlin.de/en/studies/study-orientation/self-assessments-for-study-orientation/?no_cache=1,snapshots_raw/489e080d934646df.html,special_category,low,special_category-study-orientation-self-assessment,Self-assessment tools helping prospective students evaluate study suitability.
87458a06dd9ed4b0,200,Mandatory aptitude test,https://www.htw-berlin.de/en/studies/applications/admission-requirements/mandatory-aptitude-test/,snapshots_raw/87458a06dd9ed4b0.html,application_route_rule,low,application_route_rule-mandatory-aptitude-test,Mandatory aptitude tests required for specific study programmes.
ef0358888f84379f,200,Pre-study internship for Bachelor‚Äôs degree programmes,https://www.htw-berlin.de/en/studies/applications/admission-requirements/pre-study-internship-for-bachelors-degree-programmes/,snapshots_raw/ef0358888f84379f.html,application_route_rule,low,application_route_rule-pre-study-internship,Rules governing compulsory pre-study internships.
892461b085d8073e,200,Language Certificates,https://www.htw-berlin.de/en/studies/applications/admission-requirements/language-certificates/,snapshots_raw/892461b085d8073e.html,language_proof_rule,low,language_proof_rule-language-certificates-admission,Accepted language certificates for admission.
8f6662a03eb7c515,200,Numerus clausus,https://www.htw-berlin.de/en/studies/applications/admission-requirements/numerus-clausus/,snapshots_raw/8f6662a03eb7c515.html,application_route_rule,low,application_route_rule-numerus-clausus,Explains numerus clausus and selection thresholds.
2e475c13abe7c96c,200,Admission requirements,https://www.htw-berlin.de/en/studies/applications/admission-requirements/,snapshots_raw/2e475c13abe7c96c.html,overview_navigation,low,overview_navigation-admission-requirements,Anchor overview for all admission requirement rules.
5cc0b5cdcc079602,200,Application periods,https://www.htw-berlin.de/en/studies/applications/application-periods/,snapshots_raw/5cc0b5cdcc079602.html,deadline_rule,low,deadline_rule-application-periods,Official application periods and deadlines.
6759d7c823bcf9a2,200,FAQ,https://www.htw-berlin.de/en/studies/degree-programmes/advanced-masters-programmes/faq/,snapshots_raw/6759d7c823bcf9a2.html,faq_support,low,faq_support-advanced-masters,FAQ for advanced master’s programmes.
04c4b502c11bb71d,200,Advanced Master's programmes,https://www.htw-berlin.de/en/studies/degree-programmes/advanced-masters-programmes/,snapshots_raw/04c4b502c11bb71d.html,degree_program,low,degree_program-advanced-masters,Overview of advanced master’s degree programmes.
3b5597688653c132,200,Degree programmes,https://www.htw-berlin.de/en/studies/degree-programmes/,snapshots_raw/3b5597688653c132.html,overview_navigation,low,overview_navigation-degree-programmes,Primary entry point for browsing all degree programmes.
ef6b289394b4fd6c,200,General Student Advisory Service,https://www.htw-berlin.de/en/organisational-units/central-offices/centre-for-student-advisory-career-services/general-student-advisory-service/,snapshots_raw/ef6b289394b4fd6c.html,special_category,low,special_category-general-student-advisory,General student advisory service information.
f088cd06ae7d74b8,200,Student Services,https://www.htw-berlin.de/en/organisational-units/central-administrative-departments/student-services/?no_cache=1,snapshots_raw/f088cd06ae7d74b8.html,overview_navigation,low,overview_navigation-student-services,Overview of student services departments.
443e98022e98002c,200,Living in Berlin,https://www.htw-berlin.de/en/studies/study-organisation/financing-your-studies/living-in-berlin/,snapshots_raw/443e98022e98002c.html,fees_funding_rule,low,fees_funding_rule-living-in-berlin,Cost of living and financial considerations for studying in Berlin.
4a714c3a9277fc9a,200,Semester fee,https://www.htw-berlin.de/en/studies/study-organisation/semester-fee/,snapshots_raw/4a714c3a9277fc9a.html,fees_funding_rule,low,fees_funding_rule-semester-fee,Semester fee structure and payment details.
5abc6526b358455c,200,Academic calendar: winter semester 2025/26,https://www.htw-berlin.de/en/studies/study-organisation/academic-calendar/,snapshots_raw/5abc6526b358455c.html,deadline_rule,low,deadline_rule-academic-calendar,Academic calendar with semester timelines and key dates.
27097d7e780825d5,200,Proof of English proficiency,https://www.htw-berlin.de/en/studies/applications/application-via-uni-assist/proof-of-english-proficiency/,snapshots_raw/27097d7e780825d5.html,language_proof_rule,low,language_proof_rule-english-proficiency-uni-assist,English language requirements for uni-assist applicants.
656cfad51ffdc76e,200,Applications,https://www.htw-berlin.de/en/studies/applications/,snapshots_raw/656cfad51ffdc76e.html,overview_navigation,low,overview_navigation-applications,Top-level applications entry point.
600580bd5e2d2d69,200,Degree programmes,https://www.htw-berlin.de/en/studies/degree-programmes/?no_cache=1,snapshots_raw/600580bd5e2d2d69.html,overview_navigation,low,overview_navigation-degree-programmes,Same content as main degree programmes overview (cache-bypassed). Do not duplicate in KB.
151765db084e719b,200,Degree programmes,https://www.htw-berlin.de/en/studies/degree-programmes/?fachrichtung=&certificate=2&semester=1&kind=&language=,snapshots_raw/151765db084e719b.html,overview_navigation,low,overview_navigation-degree-programmes-filtered-masters,"Filtered degree programme listing. Technically derived view, not canonical."
ed6b12ded7a871f0,200,Master,https://www.htw-berlin.de/en/studies/applications/master/,snapshots_raw/ed6b12ded7a871f0.html,overview_navigation,low,overview_navigation-applications-masters,Master’s application overview.
65daeb997b403133,200,Degree programmes,https://www.htw-berlin.de/en/studies/degree-programmes/?fachrichtung=&certificate=1&semester=1&kind=&language=,snapshots_raw/65daeb997b403133.html,overview_navigation,low,overview_navigation-degree-programmes-filtered-bachelors,Filtered bachelor programme listing. Not a standalone content page.
f4585791ac8a0ef4,200,Bachelor,https://www.htw-berlin.de/en/studies/applications/bachelor/,snapshots_raw/f4585791ac8a0ef4.html,overview_navigation,low,overview_navigation-applications-bachelors,Bachelor’s application overview.
b0319578de593a7e,200,Students,https://www.htw-berlin.de/en/students/,snapshots_raw/b0319578de593a7e.html,overview_navigation,low,overview_navigation-current-students,Landing page for current students.
0d51de9b03970ce5,200,Prospective students,https://www.htw-berlin.de/en/prospective-students/,snapshots_raw/0d51de9b03970ce5.html,overview_navigation,low,overview_navigation-prospective-students,Landing page for prospective students.
,,,,,,,,
,,,,,,,,
,,,,,,,,
,,,,,,,,
,,,,,,,,
,,,,,,,,
,,,,,,,,
,,,,,,,,
,,,,,,,,
f3e4d14e94ba71b5,200,"HTW Berlin - University of Applied Sciences - studies, research, further education",,snapshots_raw/f3e4d14e94ba71b5.html,,,,